SỐ CẤU TRÚC PHÂN CHIA CÔNG VIỆC (WBS),TIÊU ĐỀ CÔNG VIỆC,NGƯỜI PHỤ TRÁCH CÔNG VIỆC,NGÀY BẮT ĐẦU,NGÀY ĐẾN HẠN,THỜI GIAN (ngày),PHẦN TRĂM CÔNG VIỆC HOÀN THÀNH,GIAI ĐOẠN 1,,,,,,,,,,,,,,,GIAI ĐOẠN 2,,,,,,,,,,,,,,,GIAI ĐOẠN 3,,,,,,,,,,,,,,,GIAI ĐOẠN 4,,,,,,,,,,,,,,
,,,,,,,TUẦN 1,,,,,TUẦN 2,,,,,TUẦN 3,,,,,TUẦN 4,,,,,TUẦN 5,,,,,TUẦN 6,,,,,TUẦN 7,,,,,TUẦN 8,,,,,TUẦN 9,,,,,TUẦN 10,,,,,TUẦN 11,,,,,TUẦN 12,,,,
,,,,,,,T2,T3,T4,T5,T6,T2,T3,T4,T5,T6,T2,T3,T4,T5,T6,T2,T3,T4,T5,T6,T2,T3,T4,T5,T6,T2,T3,T4,T5,T6,T2,T3,T4,T5,T6,T2,T3,T4,T5,T6,T2,T3,T4,T5,T6,T2,T3,T4,T5,T6,T2,T3,T4,T5,T6,T2,T3,T4,T5,T6
'1,PLANNING,,10/02/26,12/02/26,3,0%,,,,,,,,,,,,,,,,,,,,,,,,,,,,,,,,,,,,,,,,,,,,,,,,,,,,,,,,,,,,
'1.1,Xác định scope & mục tiêu,Tên người,10/02/26,10/02/26,1,0%,█,█,,,,,,,,,,,,,,,,,,,,,,,,,,,,,,,,,,,,,,,,,,,,,,,,,,,,,,,,,,
'1.2,Phân tích stakeholders,Tên người,11/02/26,11/02/26,0.5,0%,,,█,,,,,,,,,,,,,,,,,,,,,,,,,,,,,,,,,,,,,,,,,,,,,,,,,,,,,,,,,,
'1.3,Lập timeline & milestones,Tên người,11/02/26,12/02/26,1,0%,,,█,█,,,,,,,,,,,,,,,,,,,,,,,,,,,,,,,,,,,,,,,,,,,,,,,,,,,,,,,,,
'1.4,Phân công nhóm,Tên người,12/02/26,12/02/26,0.5,0%,,,,█,,,,,,,,,,,,,,,,,,,,,,,,,,,,,,,,,,,,,,,,,,,,,,,,,,,,,,,,,
'2,REQUIREMENTS,,13/02/26,18/02/26,4,0%,,,,,,,,,,,,,,,,,,,,,,,,,,,,,,,,,,,,,,,,,,,,,,,,,,,,,,,,,,,,
'2.1,Thu thập yêu cầu,Tên người,13/02/26,13/02/26,1,0%,,,,,█,,,,,,,,,,,,,,,,,,,,,,,,,,,,,,,,,,,,,,,,,,,,,,,,,,,,,,,,
'2.2,Phân tích & ưu tiên (MoSCoW),Tên người,14/02/26,14/02/26,0.5,0%,,,,,,█,,,,,,,,,,,,,,,,,,,,,,,,,,,,,,,,,,,,,,,,,,,,,,,,,,,,,,,
'2.3,Viết User Stories,Tên người,14/02/26,17/02/26,1,0%,,,,,,█,█,,,,,,,,,,,,,,,,,,,,,,,,,,,,,,,,,,,,,,,,,,,,,,,,,,,,,,
'2.4,Định nghĩa API Endpoints,Tên người,17/02/26,18/02/26,1,0%,,,,,,,█,█,,,,,,,,,,,,,,,,,,,,,,,,,,,,,,,,,,,,,,,,,,,,,,,,,,,,,
'2.5,Xác định NFRs,Tên người,18/02/26,18/02/26,0.5,0%,,,,,,,,█,,,,,,,,,,,,,,,,,,,,,,,,,,,,,,,,,,,,,,,,,,,,,,,,,,,,,
'3,DESIGN,,19/02/26,25/02/26,5,0%,,,,,,,,,,,,,,,,,,,,,,,,,,,,,,,,,,,,,,,,,,,,,,,,,,,,,,,,,,,,
'3.1,Thiết kế kiến trúc,Tên người,19/02/26,19/02/26,1,0%,,,,,,,,,█,█,,,,,,,,,,,,,,,,,,,,,,,,,,,,,,,,,,,,,,,,,,,,,,,,,,,
'3.2,Thiết kế Database (ERD + Prisma),Tên người,20/02/26,21/02/26,1.5,0%,,,,,,,,,,,█,█,,,,,,,,,,,,,,,,,,,,,,,,,,,,,,,,,,,,,,,,,,,,,,,,
'3.3,Thiết kế API (RESTful),Tên người,22/02/26,22/02/26,1,0%,,,,,,,,,,,,█,█,,,,,,,,,,,,,,,,,,,,,,,,,,,,,,,,,,,,,,,,,,,,,,,
'3.4,Thiết kế Security (RBAC),Tên người,23/02/26,24/02/26,1,0%,,,,,,,,,,,,,█,█,,,,,,,,,,,,,,,,,,,,,,,,,,,,,,,,,,,,,,,,,,,,,,
'3.5,Thiết kế UI/UX (Wireframes),Tên người,25/02/26,25/02/26,0.5,0%,,,,,,,,,,,,,,█,,,,,,,,,,,,,,,,,,,,,,,,,,,,,,,,,,,,,,,,,,,,,
'4,DEVELOPMENT,,26/02/26,06/04/26,30,0%,,,,,,,,,,,,,,,,,,,,,,,,,,,,,,,,,,,,,,,,,,,,,,,,,,,,,,,,,,,,
'4.1,Setup môi trường,,26/02/26,27/02/26,2,0%,,,,,,,,,,,,,,,,,,,,,,,,,,,,,,,,,,,,,,,,,,,,,,,,,,,,,,,,,,,,
'4.1.1,Init NestJS project,Tên người,26/02/26,26/02/26,0.5,0%,,,,,,,,,,,,,,,█,,,,,,,,,,,,,,,,,,,,,,,,,,,,,,,,,,,,,,,,,,,,,,
'4.1.2,Setup Prisma + PostgreSQL,Tên người,26/02/26,26/02/26,0.5,0%,,,,,,,,,,,,,,,█,,,,,,,,,,,,,,,,,,,,,,,,,,,,,,,,,,,,,,,,,,,,,,
'4.1.3,Setup Docker,Tên người,27/02/26,27/02/26,0.5,0%,,,,,,,,,,,,,,,,█,,,,,,,,,,,,,,,,,,,,,,,,,,,,,,,,,,,,,,,,,,,,,
'4.1.4,Setup Git & CI/CD,Tên người,27/02/26,27/02/26,0.5,0%,,,,,,,,,,,,,,,,█,,,,,,,,,,,,,,,,,,,,,,,,,,,,,,,,,,,,,,,,,,,,,
'4.2,Auth Module,,28/02/26,05/03/26,4,0%,,,,,,,,,,,,,,,,,,,,,,,,,,,,,,,,,,,,,,,,,,,,,,,,,,,,,,,,,,,,
'4.2.1,Register API,Tên người,28/02/26,02/03/26,1,0%,,,,,,,,,,,,,,,,,█,█,,,,,,,,,,,,,,,,,,,,,,,,,,,,,,,,,,,,,,,,,,,
'4.2.2,Login API,Tên người,02/03/26,02/03/26,0.5,0%,,,,,,,,,,,,,,,,,,,█,,,,,,,,,,,,,,,,,,,,,,,,,,,,,,,,,,,,,,,,,,
'4.2.3,JWT Strategy (Access + Refresh),Tên người,03/03/26,04/03/26,1,0%,,,,,,,,,,,,,,,,,,,,█,█,,,,,,,,,,,,,,,,,,,,,,,,,,,,,,,,,,,,,,,
'4.2.4,Password Reset,Tên người,04/03/26,05/03/26,1,0%,,,,,,,,,,,,,,,,,,,,,█,█,,,,,,,,,,,,,,,,,,,,,,,,,,,,,,,,,,,,,,
'4.2.5,OAuth (Google),Tên người,05/03/26,05/03/26,0.5,0%,,,,,,,,,,,,,,,,,,,,,,█,,,,,,,,,,,,,,,,,,,,,,,,,,,,,,,,,,,,,,
'4.3,User Module,,06/03/26,09/03/26,2,0%,,,,,,,,,,,,,,,,,,,,,,,,,,,,,,,,,,,,,,,,,,,,,,,,,,,,,,,,,,,,
'4.3.1,Get Profile,Tên người,06/03/26,06/03/26,0.5,0%,,,,,,,,,,,,,,,,,,,,,,,█,,,,,,,,,,,,,,,,,,,,,,,,,,,,,,,,,,,,,
'4.3.2,Update Profile,Tên người,06/03/26,06/03/26,0.5,0%,,,,,,,,,,,,,,,,,,,,,,,█,,,,,,,,,,,,,,,,,,,,,,,,,,,,,,,,,,,,,
'4.3.3,Change Password,Tên người,07/03/26,07/03/26,0.5,0%,,,,,,,,,,,,,,,,,,,,,,,,█,,,,,,,,,,,,,,,,,,,,,,,,,,,,,,,,,,,,
'4.3.4,Upload Avatar,Tên người,09/03/26,09/03/26,0.5,0%,,,,,,,,,,,,,,,,,,,,,,,,,█,,,,,,,,,,,,,,,,,,,,,,,,,,,,,,,,,,,
'4.4,Workspace Module,,10/03/26,13/03/26,4,0%,,,,,,,,,,,,,,,,,,,,,,,,,,,,,,,,,,,,,,,,,,,,,,,,,,,,,,,,,,,,
'4.4.1,CRUD Workspace,Tên người,10/03/26,11/03/26,1.5,0%,,,,,,,,,,,,,,,,,,,,,,,,,,█,█,,,,,,,,,,,,,,,,,,,,,,,,,,,,,,,,,
'4.4.2,Invite Member,Tên người,11/03/26,12/03/26,1,0%,,,,,,,,,,,,,,,,,,,,,,,,,,,█,█,,,,,,,,,,,,,,,,,,,,,,,,,,,,,,,,
'4.4.3,Manage Roles (Owner/Admin/Member),Tên người,12/03/26,13/03/26,1,0%,,,,,,,,,,,,,,,,,,,,,,,,,,,,█,█,,,,,,,,,,,,,,,,,,,,,,,,,,,,,,,
'4.4.4,Leave/Remove Member,Tên người,13/03/26,13/03/26,0.5,0%,,,,,,,,,,,,,,,,,,,,,,,,,,,,,█,,,,,,,,,,,,,,,,,,,,,,,,,,,,,,,,
'4.5,Project Module,,14/03/26,18/03/26,3,0%,,,,,,,,,,,,,,,,,,,,,,,,,,,,,,,,,,,,,,,,,,,,,,,,,,,,,,,,,,,,
'4.5.1,CRUD Project,Tên người,14/03/26,16/03/26,1.5,0%,,,,,,,,,,,,,,,,,,,,,,,,,,,,,,█,█,,,,,,,,,,,,,,,,,,,,,,,,,,,,,
'4.5.2,Archive/Restore Project,Tên người,16/03/26,16/03/26,0.5,0%,,,,,,,,,,,,,,,,,,,,,,,,,,,,,,,,█,,,,,,,,,,,,,,,,,,,,,,,,,,,,
'4.5.3,Pin/Unpin Project,Tên người,17/03/26,17/03/26,0.5,0%,,,,,,,,,,,,,,,,,,,,,,,,,,,,,,,,,█,,,,,,,,,,,,,,,,,,,,,,,,,,,
'4.5.4,Project Settings,Tên người,18/03/26,18/03/26,0.5,0%,,,,,,,,,,,,,,,,,,,,,,,,,,,,,,,,,,█,,,,,,,,,,,,,,,,,,,,,,,,,,
'4.6,Task Module (Core),,19/03/26,26/03/26,6,0%,,,,,,,,,,,,,,,,,,,,,,,,,,,,,,,,,,,,,,,,,,,,,,,,,,,,,,,,,,,,
'4.6.1,CRUD Task,Tên người,19/03/26,20/03/26,1.5,0%,,,,,,,,,,,,,,,,,,,,,,,,,,,,,,,,,,,█,█,,,,,,,,,,,,,,,,,,,,,,,,,
'4.6.2,Status Management (TODO→DONE),Tên người,20/03/26,20/03/26,0.5,0%,,,,,,,,,,,,,,,,,,,,,,,,,,,,,,,,,,,,█,,,,,,,,,,,,,,,,,,,,,,,,,,
'4.6.3,Assign/Unassign Member,Tên người,21/03/26,21/03/26,0.5,0%,,,,,,,,,,,,,,,,,,,,,,,,,,,,,,,,,,,,,█,,,,,,,,,,,,,,,,,,,,,,,,,
'4.6.4,Priority & Due Date,Tên người,21/03/26,21/03/26,0.5,0%,,,,,,,,,,,,,,,,,,,,,,,,,,,,,,,,,,,,,█,,,,,,,,,,,,,,,,,,,,,,,,,
'4.6.5,Subtasks (CRUD + Toggle),Tên người,22/03/26,23/03/26,1,0%,,,,,,,,,,,,,,,,,,,,,,,,,,,,,,,,,,,,,,█,█,,,,,,,,,,,,,,,,,,,,,,
'4.6.6,Labels/Tags,Tên người,23/03/26,23/03/26,0.5,0%,,,,,,,,,,,,,,,,,,,,,,,,,,,,,,,,,,,,,,,█,,,,,,,,,,,,,,,,,,,,,,,,
'4.6.7,Attachments (Upload/Delete),Tên người,24/03/26,25/03/26,1,0%,,,,,,,,,,,,,,,,,,,,,,,,,,,,,,,,,,,,,,,,█,█,,,,,,,,,,,,,,,,,,,,,
'4.6.8,Drag & Drop Order,Tên người,26/03/26,26/03/26,0.5,0%,,,,,,,,,,,,,,,,,,,,,,,,,,,,,,,,,,,,,,,,,█,,,,,,,,,,,,,,,,,,,,,,
'4.7,Comment Module,,27/03/26,30/03/26,2,0%,,,,,,,,,,,,,,,,,,,,,,,,,,,,,,,,,,,,,,,,,,,,,,,,,,,,,,,,,,,,
'4.7.1,CRUD Comment,Tên người,27/03/26,28/03/26,1,0%,,,,,,,,,,,,,,,,,,,,,,,,,,,,,,,,,,,,,,,,,,█,█,,,,,,,,,,,,,,,,,,,
'4.7.2,Mention Users (@),Tên người,28/03/26,28/03/26,0.5,0%,,,,,,,,,,,,,,,,,,,,,,,,,,,,,,,,,,,,,,,,,,,█,,,,,,,,,,,,,,,,,,,,
'4.7.3,Reply Comments (Thread),Tên người,29/03/26,30/03/26,0.5,0%,,,,,,,,,,,,,,,,,,,,,,,,,,,,,,,,,,,,,,,,,,,,█,,,,,,,,,,,,,,,,,,,
'4.8,Notification Module,,31/03/26,02/04/26,3,0%,,,,,,,,,,,,,,,,,,,,,,,,,,,,,,,,,,,,,,,,,,,,,,,,,,,,,,,,,,,,
'4.8.1,In-app Notifications (Real-time),Tên người,31/03/26,01/04/26,1.5,0%,,,,,,,,,,,,,,,,,,,,,,,,,,,,,,,,,,,,,,,,,,,,,█,█,,,,,,,,,,,,,,,,,
'4.8.2,Email Notifications,Tên người,01/04/26,02/04/26,1,0%,,,,,,,,,,,,,,,,,,,,,,,,,,,,,,,,,,,,,,,,,,,,,,█,█,,,,,,,,,,,,,,,,
'4.8.3,Notification Settings,Tên người,02/04/26,02/04/26,0.5,0%,,,,,,,,,,,,,,,,,,,,,,,,,,,,,,,,,,,,,,,,,,,,,,,█,,,,,,,,,,,,,,,,
'4.9,Search & Filter,,03/04/26,04/04/26,2,0%,,,,,,,,,,,,,,,,,,,,,,,,,,,,,,,,,,,,,,,,,,,,,,,,,,,,,,,,,,,,
'4.9.1,Full-text Search,Tên người,03/04/26,03/04/26,1,0%,,,,,,,,,,,,,,,,,,,,,,,,,,,,,,,,,,,,,,,,,,,,,,,,█,█,,,,,,,,,,,,,,,
'4.9.2,Advanced Filters,Tên người,04/04/26,04/04/26,0.5,0%,,,,,,,,,,,,,,,,,,,,,,,,,,,,,,,,,,,,,,,,,,,,,,,,,█,,,,,,,,,,,,,,
'4.9.3,Sorting & Pagination,Tên người,04/04/26,04/04/26,0.5,0%,,,,,,,,,,,,,,,,,,,,,,,,,,,,,,,,,,,,,,,,,,,,,,,,,█,,,,,,,,,,,,,,
'4.10,Dashboard APIs,,05/04/26,06/04/26,2,0%,,,,,,,,,,,,,,,,,,,,,,,,,,,,,,,,,,,,,,,,,,,,,,,,,,,,,,,,,,,,
'4.10.1,Statistics APIs,Tên người,05/04/26,05/04/26,1,0%,,,,,,,,,,,,,,,,,,,,,,,,,,,,,,,,,,,,,,,,,,,,,,,,,,█,█,,,,,,,,,,,
'4.10.2,Activity Log,Tên người,06/04/26,06/04/26,1,0%,,,,,,,,,,,,,,,,,,,,,,,,,,,,,,,,,,,,,,,,,,,,,,,,,,,█,█,,,,,,,,,,
'5,TESTING,,07/04/26,15/04/26,7,0%,,,,,,,,,,,,,,,,,,,,,,,,,,,,,,,,,,,,,,,,,,,,,,,,,,,,,,,,,,,,
'5.1,Unit Tests,Tên người,07/04/26,08/04/26,2,0%,,,,,,,,,,,,,,,,,,,,,,,,,,,,,,,,,,,,,,,,,,,,,,,,,,,,,█,█,█,█,,,,,,,
'5.2,Integration Tests,Tên người,09/04/26,10/04/26,2,0%,,,,,,,,,,,,,,,,,,,,,,,,,,,,,,,,,,,,,,,,,,,,,,,,,,,,,,,,█,█,█,█,,,,
'5.3,E2E Tests,Tên người,11/04/26,13/04/26,1.5,0%,,,,,,,,,,,,,,,,,,,,,,,,,,,,,,,,,,,,,,,,,,,,,,,,,,,,,,,,,,,█,█,█,
'5.4,Security Testing,Tên người,13/04/26,14/04/26,1,0%,,,,,,,,,,,,,,,,,,,,,,,,,,,,,,,,,,,,,,,,,,,,,,,,,,,,,,,,,,,,█,█,
'5.5,Bug Fixing,Tên người,14/04/26,15/04/26,Ongoing,0%,,,,,,,,,,,,,,,,,,,,,,,,,,,,,,,,,,,,,,,,,,,,,,,,,,,,,,,,,,,,,█,█
'6,DEPLOYMENT,,16/04/26,18/04/26,3,0%,,,,,,,,,,,,,,,,,,,,,,,,,,,,,,,,,,,,,,,,,,,,,,,,,,,,,,,,,,,,
'6.1,Setup Production Server,Tên người,16/04/26,16/04/26,1,0%,,,,,,,,,,,,,,,,,,,,,,,,,,,,,,,,,,,,,,,,,,,,,,,,,,,,,,,,,,,,,,█,█
'6.2,Database Migration,Tên người,17/04/26,17/04/26,0.5,0%,,,,,,,,,,,,,,,,,,,,,,,,,,,,,,,,,,,,,,,,,,,,,,,,,,,,,,,,,,,,,,,█
'6.3,CI/CD Pipeline,Tên người,17/04/26,18/04/26,1,0%,,,,,,,,,,,,,,,,,,,,,,,,,,,,,,,,,,,,,,,,,,,,,,,,,,,,,,,,,,,,,,,█,█
'6.4,Go-live & Smoke Test,Tên người,18/04/26,18/04/26,0.5,0%,,,,,,,,,,,,,,,,,,,,,,,,,,,,,,,,,,,,,,,,,,,,,,,,,,,,,,,,,,,,,,,,█
'7,MAINTENANCE,,19/04/26,Ongoing,Ongoing,0%,,,,,,,,,,,,,,,,,,,,,,,,,,,,,,,,,,,,,,,,,,,,,,,,,,,,,,,,,,,,
'7.1,Monitoring & Logging,Tên người,19/04/26,Ongoing,Ongoing,0%,,,,,,,,,,,,,,,,,,,,,,,,,,,,,,,,,,,,,,,,,,,,,,,,,,,,,,,,,,,,,,,,,→
'7.2,Bug Fixes,Tên người,Ongoing,Ongoing,Ongoing,0%,,,,,,,,,,,,,,,,,,,,,,,,,,,,,,,,,,,,,,,,,,,,,,,,,,,,,,,,,,,,,,,,,→
'7.3,Feature Updates,Tên người,Ongoing,Ongoing,Ongoing,0%,,,,,,,,,,,,,,,,,,,,,,,,,,,,,,,,,,,,,,,,,,,,,,,,,,,,,,,,,,,,,,,,,→
